annual_output,mean_daily_loss,mean_idle,mean_shortage,utilization,max_daily_pens,loss_std,loss_p95,loss_cvar95,rental_day_ratio,planned_matings,executed_matings,execution_rate,scheme,N,R,h,seed,phase,q_max,B,engine_version,recomputed
1259.6,24.816986301369862,0.0,8.272328767123287,107.38600782778865,126,5.604415230807569,33.0,34.18226600985221,1.0,0,0,0.0,A,426,9,40,2000,final,,,v2.2,False
1100.6,3.9013698630136986,3.875068493150685,0.0087671232876712,96.54794520547944,114,1.897055453690364,7.0,7.558823529411764,0.0071232876712328,0,0,0.0,B,378,8,40,2000,final,,,v2.2,False
1215.8,7.800547945205479,4.087123287671233,1.237808219178082,97.4559686888454,124,6.111868283112599,21.0,24.31451612903226,0.2778082191780822,3871,3871,1.0,C_h40,378,8,40,2000,final,21.0,0.0,v2.2,False
1219.6,5.32986301369863,3.3687671232876717,0.6536986301369863,97.57583170254404,121,4.203266173736455,13.0,17.378947368421052,0.2076712328767123,4116,4116,1.0,C_h45,378,8,45,2000,final,21.0,0.0,v2.2,False
1250.8,24.435616438356163,0.0,8.145205479452056,107.2725048923679,127,6.676692773213961,36.0,37.248,1.0,0,0,0.0,A,426,9,40,2001,final,,,v2.2,False
1087.8,4.8273972602739725,4.815890410958904,0.0038356164383561,95.70352250489236,115,2.068274099470555,8.0,8.494791666666666,0.0027397260273972,0,0,0.0,B,378,8,40,2001,final,,,v2.2,False
1238.6,6.576438356164384,2.544109589041096,1.344109589041096,98.92857142857142,124,6.405417921970973,21.0,24.155172413793103,0.3183561643835616,3983,3983,1.0,C_h40,378,8,40,2001,final,21.0,0.0,v2.2,False
1228.8,4.573150684931507,2.8767123287671232,0.5654794520547946,97.93639921722114,120,3.729952581859127,12.0,14.796296296296296,0.2202739726027397,4151,4151,1.0,C_h45,378,8,45,2001,final,21.0,0.0,v2.2,False
1246.4,23.72383561643836,0.0,7.907945205479452,107.06066536203522,127,6.2916512642435904,33.0,34.824120603015075,1.0,0,0,0.0,A,426,9,40,2002,final,,,v2.2,False
1092.4,3.897534246575343,3.8663013698630135,0.0104109589041095,96.55724070450098,114,2.062594881404713,8.0,8.5,0.0082191780821917,0,0,0.0,B,378,8,40,2002,final,,,v2.2,False
1223.0,4.663013698630137,3.30027397260274,0.4542465753424657,97.45890410958904,120,3.429246744870161,10.0,13.929824561403509,0.1715068493150685,4221,4221,1.0,C_h45,378,8,45,2002,final,21.0,0.0,v2.2,False
1219.8,6.754520547945205,3.667397260273973,1.029041095890411,97.64432485322897,123,5.16068689782572,18.0,20.62809917355372,0.2586301369863014,3976,3976,1.0,C_h40,378,8,40,2002,final,21.0,0.0,v2.2,False
1252.2,23.684383561643838,0.0,7.894794520547945,107.04892367906066,125,5.600076603657747,33.0,34.145833333333336,1.0,0,0,0.0,A,426,9,40,2003,final,,,v2.2,False
1085.4,3.8783561643835616,3.8635616438356166,0.004931506849315,96.55479452054794,113,1.710230290691927,7.0,7.4,0.004931506849315,0,0,0.0,B,378,8,40,2003,final,,,v2.2,False
1212.0,7.471780821917808,4.364931506849315,1.0356164383561643,97.02739726027396,122,5.341557360887734,18.0,20.66923076923077,0.2772602739726027,4018,4018,1.0,C_h40,378,8,40,2003,final,21.0,0.0,v2.2,False
1222.4,4.579178082191781,2.927123287671233,0.5506849315068493,97.87818003913894,120,3.455132906709685,12.0,14.732673267326732,0.2060273972602739,4186,4186,1.0,C_h45,378,8,45,2003,final,21.0,0.0,v2.2,False
1246.8,22.745753424657533,0.0,7.581917808219178,106.76956947162428,127,6.243418885511106,33.0,34.90384615384615,1.0,0,0,0.0,A,426,9,40,2004,final,,,v2.2,False
1081.4,4.608219178082192,4.595068493150685,0.0043835616438356,95.90117416829746,113,1.8458816048986055,8.0,8.281553398058252,0.0043835616438356,0,0,0.0,B,378,8,40,2004,final,,,v2.2,False
1233.6,6.753972602739726,3.5567123287671234,1.0657534246575342,97.77592954990214,124,5.303121685901338,18.0,20.51020408163265,0.24,4116,4116,1.0,C_h40,378,8,40,2004,final,21.0,0.0,v2.2,False
1209.4,6.2065753424657535,4.273424657534247,0.6443835616438356,96.75978473581212,122,4.4883573251257625,15.0,18.386138613861387,0.1873972602739726,4165,4165,1.0,C_h45,378,8,45,2004,final,21.0,0.0,v2.2,False
1258.0,22.67013698630137,0.0,7.556712328767123,106.74706457925636,127,7.616976022035224,36.0,37.26,0.9994520547945206,0,0,0.0,A,426,9,40,2005,final,,,v2.2,False
1080.6,4.124931506849315,3.9457534246575343,0.0597260273972602,96.5303326810176,115,1.9247800649648104,7.0,7.371727748691099,0.0421917808219178,0,0,0.0,B,378,8,40,2005,final,,,v2.2,False
1225.4,4.716164383561644,3.018082191780822,0.566027397260274,97.81066536203522,120,4.254832981567361,13.0,17.357894736842105,0.1835616438356164,4158,4158,1.0,C_h45,378,8,45,2005,final,21.0,0.0,v2.2,False
1232.4,7.940821917808219,4.255342465753425,1.2284931506849317,97.29745596868884,123,5.825101119478608,21.0,23.54032258064516,0.2471232876712328,4060,4060,1.0,C_h40,378,8,40,2005,final,21.0,0.0,v2.2,False
1260.4,25.54849315068493,0.0,8.516164383561645,107.6037181996086,127,6.596116213255671,36.0,38.30061349693251,1.0,0,0,0.0,A,426,9,40,2006,final,,,v2.2,False
1110.6,3.0975342465753424,2.882191780821918,0.0717808219178082,97.49070450097848,116,1.8010472867216594,6.0,6.347368421052631,0.0536986301369863,0,0,0.0,B,378,8,40,2006,final,,,v2.2,False
1253.4,7.047123287671233,3.7183561643835614,1.1095890410958904,97.67074363992172,125,5.531506022782304,18.0,22.669565217391305,0.2619178082191781,3962,3962,1.0,C_h40,378,8,40,2006,final,21.0,0.0,v2.2,False
1217.8,5.271780821917808,3.236712328767123,0.6783561643835616,97.71575342465752,122,4.292307270725221,15.0,17.796116504854368,0.2126027397260274,4116,4116,1.0,C_h45,378,8,45,2006,final,21.0,0.0,v2.2,False
1267.4,26.222465753424657,0.0,8.74082191780822,107.80430528375732,128,6.652218948820201,36.0,37.42346938775511,1.0,0,0,0.0,A,426,9,40,2007,final,,,v2.2,False
1091.4,4.45972602739726,4.456438356164384,0.0010958904109589,96.0220156555773,113,1.7614428307357843,7.0,7.440528634361233,0.0010958904109589,0,0,0.0,B,378,8,40,2007,final,,,v2.2,False
1231.8,7.576986301369863,4.001643835616439,1.1917808219178083,97.49119373776908,122,5.767965518244603,21.0,22.939393939393938,0.2575342465753424,3934,3934,1.0,C_h40,378,8,40,2007,final,21.0,0.0,v2.2,False
1224.6,5.749041095890411,3.783013698630137,0.6553424657534247,97.20743639921724,122,4.542625893909418,15.0,18.905172413793103,0.1835616438356164,4081,4081,1.0,C_h45,378,8,45,2007,final,21.0,0.0,v2.2,False
1259.4,24.00328767123288,0.0,8.001095890410959,107.14383561643837,126,5.717009682658214,33.0,34.42702702702703,1.0,0,0,0.0,A,426,9,40,2008,final,,,v2.2,False
1097.2,3.3457534246575342,3.1994520547945204,0.0487671232876712,97.18688845401176,116,1.8951157195493515,6.7999999999999545,7.510869565217392,0.0367123287671232,0,0,0.0,B,378,8,40,2008,final,,,v2.2,False
1234.2,7.593972602739726,4.773150684931507,0.9402739726027396,96.57778864970643,122,4.814209009526578,18.0,20.4,0.2487671232876712,3962,3962,1.0,C_h40,378,8,40,2008,final,21.0,0.0,v2.2,False
1211.6,6.435068493150685,4.667945205479452,0.589041095890411,96.35812133072406,121,4.3401529260261045,15.0,16.725,0.1972602739726027,4060,4060,1.0,C_h45,378,8,45,2008,final,21.0,0.0,v2.2,False
1254.6,24.97041095890411,0.0005479452054794,8.323287671232876,107.43101761252444,128,7.849684392463391,36.0,38.005102040816325,0.9950684931506848,0,0,0.0,A,426,9,40,2009,final,,,v2.2,False
1075.0,4.998904109589041,4.993972602739726,0.0016438356164383,95.54256360078278,113,1.8921000655395843,8.0,8.401315789473685,0.0016438356164383,0,0,0.0,B,378,8,40,2009,final,,,v2.2,False
1235.4,6.512876712328767,3.48986301369863,1.0076712328767123,97.78375733855184,123,5.164081168869579,18.0,21.961165048543688,0.256986301369863,4060,4060,1.0,C_h40,378,8,40,2009,final,21.0,0.0,v2.2,False
1235.2,22.635616438356163,0.0,7.545205479452055,106.7367906066536,126,6.337747405613544,33.0,34.041666666666664,1.0,0,0,0.0,A,426,9,40,2010,final,,,v2.2,False
1222.4,4.504657534246576,2.941369863013698,0.5210958904109589,97.8390410958904,122,3.614072338188224,11.799999999999956,13.826086956521738,0.233972602739726,4165,4165,1.0,C_h45,378,8,45,2009,final,21.0,0.0,v2.2,False
1085.8,4.515616438356164,4.176986301369863,0.1128767123287671,96.37133072407045,116,2.234081718453833,8.0,8.526315789473685,0.0630136986301369,0,0,0.0,B,378,8,40,2010,final,,,v2.2,False
1223.8,8.122191780821918,4.8032876712328765,1.1063013698630138,96.69911937377692,122,5.281533911338732,18.0,20.59509202453988,0.2306849315068493,3969,3969,1.0,C_h40,378,8,40,2010,final,21.0,0.0,v2.2,False
1218.2,5.546849315068493,3.636712328767124,0.6367123287671232,97.32142857142856,120,4.015884331585256,15.0,17.129032258064516,0.1906849315068493,4200,4200,1.0,C_h45,378,8,45,2010,final,21.0,0.0,v2.2,False
1271.2,25.57972602739726,0.0,8.526575342465753,107.61301369863013,126,5.576749679365336,36.0,37.43877551020408,1.0,0,0,0.0,A,426,9,40,2011,final,,,v2.2,False
1089.2,4.345753424657534,4.288219178082191,0.0191780821917808,96.18835616438356,115,1.7965045234465062,7.0,7.322751322751323,0.0147945205479452,0,0,0.0,B,378,8,40,2011,final,,,v2.2,False
1228.4,7.814794520547945,4.504109589041096,1.1035616438356164,96.96379647749512,123,5.113696378480614,18.0,21.02380952380953,0.2564383561643835,4011,4011,1.0,C_h40,378,8,40,2011,final,21.0,0.0,v2.2,False
1215.6,5.607671232876712,4.263013698630137,0.4482191780821918,96.59393346379647,120,3.8272090143107342,12.0,13.838709677419354,0.1610958904109589,4060,4060,1.0,C_h45,378,8,45,2011,final,21.0,0.0,v2.2,False
1245.8,24.92876712328767,0.0,8.30958904109589,107.4192759295499,126,7.197204155560217,36.0,36.7563025210084,0.9983561643835616,0,0,0.0,A,426,9,40,2012,final,,,v2.2,False
1094.6,3.8657534246575342,3.7704109589041095,0.0317808219178082,96.6619373776908,115,2.1426779631202053,7.0,7.61574074074074,0.0252054794520547,0,0,0.0,B,378,8,40,2012,final,,,v2.2,False
1241.4,7.395616438356164,4.061917808219178,1.1112328767123287,97.36545988258317,123,5.389457551894903,18.0,21.55862068965517,0.2383561643835616,3969,3969,1.0,C_h40,378,8,40,2012,final,21.0,0.0,v2.2,False
1216.6,4.808767123287671,3.2405479452054795,0.5227397260273973,97.573385518591,120,3.549173653362927,12.0,14.884615384615383,0.1901369863013698,4074,4074,1.0,C_h45,378,8,45,2012,final,21.0,0.0,v2.2,False
1265.8,25.476164383561645,0.0,8.492054794520548,107.58219178082192,128,6.362462437015791,36.0,38.256410256410255,1.0,0,0,0.0,A,426,9,40,2013,final,,,v2.2,False
1099.6,3.9846575342465753,3.9172602739726026,0.0224657534246575,96.5225048923679,115,2.2455573111339464,8.0,9.380530973451329,0.0186301369863013,0,0,0.0,B,378,8,40,2013,final,,,v2.2,False
1210.0,8.26849315068493,3.968219178082192,1.4334246575342466,97.73679060665364,124,6.439088688150059,21.0,24.06206896551724,0.2838356164383561,3899,3899,1.0,C_h40,378,8,40,2013,final,21.0,0.0,v2.2,False
1212.0,5.467397260273972,3.8104109589041095,0.5523287671232877,97.09099804305283,121,3.9545325799618,12.0,14.85430463576159,0.1835616438356164,4074,4074,1.0,C_h45,378,8,45,2013,final,21.0,0.0,v2.2,False
1252.6,25.716164383561644,0.0,8.572054794520549,107.6536203522505,127,7.194012996880046,39.0,40.27659574468085,1.0,0,0,0.0,A,426,9,40,2014,final,,,v2.2,False
1087.2,4.261917808219178,4.252054794520548,0.0032876712328767,96.206457925636,113,1.865664374113763,7.0,7.279620853080568,0.0032876712328767,0,0,0.0,B,378,8,40,2014,final,,,v2.2,False
1242.2,5.375342465753425,2.646575342465753,0.9095890410958904,98.44911937377692,122,4.358011528173415,15.0,16.755555555555556,0.2838356164383561,3997,3997,1.0,C_h40,378,8,40,2014,final,21.0,0.0,v2.2,False
1225.2,4.72931506849315,2.847123287671233,0.6273972602739726,98.01810176125244,122,4.136399827483389,12.0,16.0,0.2164383561643835,4137,4137,1.0,C_h45,378,8,45,2014,final,21.0,0.0,v2.2,False
1247.8,22.76876712328767,0.0,7.58958904109589,106.77641878669274,127,6.361480320439543,33.0,34.26923076923077,0.9994520547945206,0,0,0.0,A,426,9,40,2015,final,,,v2.2,False
1079.6,4.996164383561644,4.808767123287671,0.0624657534246575,95.76223091976516,116,2.4401805043922185,9.0,9.37007874015748,0.0443835616438356,0,0,0.0,B,378,8,40,2015,final,,,v2.2,False
1238.2,6.448219178082192,3.2739726027397262,1.058082191780822,98.02152641878668,123,5.14969748261594,18.0,20.269565217391303,0.3002739726027397,3899,3899,1.0,C_h40,378,8,40,2015,final,21.0,0.0,v2.2,False
1216.6,4.916164383561644,3.0832876712328767,0.6109589041095891,97.79256360078278,120,3.904434974866816,12.0,15.0,0.2158904109589041,4074,4074,1.0,C_h45,378,8,45,2015,final,21.0,0.0,v2.2,False
1258.2,26.317808219178083,0.0,8.772602739726027,107.83268101761252,128,7.239771642743793,39.0,40.53982300884956,1.0,0,0,0.0,A,426,9,40,2016,final,,,v2.2,False
1079.6,4.72931506849315,4.712876712328767,0.0054794520547945,95.79696673189824,113,2.10318806197465,8.0,8.514450867052023,0.0054794520547945,0,0,0.0,B,378,8,40,2016,final,,,v2.2,False
1206.6,7.63013698630137,3.79013698630137,1.28,97.75880626223092,125,6.585276575809758,24.0,26.806451612903224,0.2778082191780822,3948,3948,1.0,C_h40,378,8,40,2016,final,21.0,0.0,v2.2,False
1212.8,4.835068493150685,3.0317808219178084,0.6010958904109589,97.82974559686888,121,3.899178642734855,12.0,14.941605839416058,0.2054794520547945,4214,4214,1.0,C_h45,378,8,45,2016,final,21.0,0.0,v2.2,False
1258.0,25.407123287671237,0.0,8.469041095890411,107.56164383561644,126,5.837647561776532,36.0,36.77064220183486,1.0,0,0,0.0,A,426,9,40,2017,final,,,v2.2,False
1103.4,3.7813698630136985,3.5676712328767124,0.0712328767123287,96.87818003913894,116,2.1137818667831514,7.0,7.463157894736842,0.0498630136986301,0,0,0.0,B,378,8,40,2017,final,,,v2.2,False
1219.8,8.496986301369864,4.438356164383562,1.352876712328767,97.24510763209392,124,6.591138780983529,24.0,27.34375,0.2657534246575342,3906,3906,1.0,C_h40,378,8,40,2017,final,21.0,0.0,v2.2,False
1222.8,4.732054794520548,3.2575342465753425,0.4915068493150685,97.5303326810176,121,3.535531951659671,11.0,14.098039215686274,0.1978082191780822,4158,4158,1.0,C_h45,378,8,45,2017,final,21.0,0.0,v2.2,False
1266.4,24.81041095890411,0.0,8.27013698630137,107.38405088062622,127,5.741908980948224,33.0,34.81132075471698,1.0,0,0,0.0,A,426,9,40,2018,final,,,v2.2,False
1087.2,3.83013698630137,3.759452054794521,0.0235616438356164,96.66438356164385,115,1.938662280944724,7.0,7.44,0.0180821917808219,0,0,0.0,B,378,8,40,2018,final,,,v2.2,False
1234.2,7.138630136986301,3.8213698630136985,1.1057534246575342,97.57534246575342,122,4.983741470371347,18.0,20.04672897196261,0.284931506849315,3990,3990,1.0,C_h40,378,8,40,2018,final,21.0,0.0,v2.2,False
1231.2,4.8054794520547945,3.224109589041096,0.5271232876712328,97.59197651663403,120,3.6101059120178927,12.0,14.90721649484536,0.1994520547945205,4116,4116,1.0,C_h45,378,8,45,2018,final,21.0,0.0,v2.2,False
1240.8,23.366575342465755,0.0010958904109589,7.788493150684931,106.95303326810178,127,8.19190607625726,36.0,37.4,0.9956164383561644,0,0,0.0,A,426,9,40,2019,final,,,v2.2,False
1092.6,3.90027397260274,3.78027397260274,0.04,96.66046966731898,115,2.3756174016311946,8.0,8.685897435897436,0.0306849315068493,0,0,0.0,B,378,8,40,2019,final,,,v2.2,False
1254.6,7.52931506849315,4.047671232876712,1.1605479452054794,97.42221135029354,122,5.080313399246054,18.0,20.448529411764707,0.2613698630136986,3955,3955,1.0,C_h40,378,8,40,2019,final,21.0,0.0,v2.2,False
1216.8,4.386849315068493,3.0076712328767123,0.4597260273972602,97.72504892367904,124,3.679966239801048,9.0,11.780104712041885,0.181917808219178,4130,4130,1.0,C_h45,378,8,45,2019,final,21.0,0.0,v2.2,False
1262.6,25.26082191780822,0.0,8.42027397260274,107.51810176125244,128,7.394204432696042,36.0,37.73493975903615,1.0,0,0,0.0,A,426,9,40,2020,final,,,v2.2,False
1110.4,3.5654794520547943,3.461917808219178,0.0345205479452054,96.93982387475538,115,1.8831584502155203,7.0,7.252252252252252,0.0268493150684931,0,0,0.0,B,378,8,40,2020,final,,,v2.2,False
1203.0,7.684383561643836,4.330958904109589,1.1178082191780825,97.1311154598826,124,6.053680052444233,21.0,24.0,0.267945205479452,3934,3934,1.0,C_h40,378,8,40,2020,final,21.0,0.0,v2.2,False
1208.2,4.863013698630137,3.51013698630137,0.450958904109589,97.26859099804304,119,3.3232099640667863,10.0,12.198473282442748,0.1967123287671233,4011,4011,1.0,C_h45,378,8,45,2020,final,21.0,0.0,v2.2,False
1261.6,25.326575342465752,0.0,8.442191780821918,107.53767123287672,128,7.147696272529064,36.0,37.75409836065574,1.0,0,0,0.0,A,426,9,40,2021,final,,,v2.2,False
1083.4,4.436712328767123,4.296986301369863,0.0465753424657534,96.2049902152642,116,2.246212732897832,8.0,8.615853658536585,0.0295890410958904,0,0,0.0,B,378,8,40,2021,final,,,v2.2,False
1239.2,6.917808219178082,3.9408219178082193,0.9923287671232875,97.3674168297456,124,4.82680695376371,15.0,18.196319018404907,0.2608219178082192,3976,3976,1.0,C_h40,378,8,40,2021,final,21.0,0.0,v2.2,False
1213.0,6.485479452054794,4.371506849315068,0.7046575342465753,96.72602739726028,121,4.619031545171,15.0,18.89189189189189,0.1956164383561643,4109,4109,1.0,C_h45,378,8,45,2021,final,21.0,0.0,v2.2,False
1260.0,23.86191780821918,0.0,7.953972602739726,107.1017612524462,126,5.976984516268592,33.0,34.162921348314605,1.0,0,0,0.0,A,426,9,40,2022,final,,,v2.2,False
1097.6,3.907945205479452,3.8915068493150686,0.0054794520547945,96.5303326810176,114,2.025946659074953,8.0,8.385321100917432,0.004931506849315,0,0,0.0,B,378,8,40,2022,final,,,v2.2,False
1252.6,7.224657534246575,3.734794520547945,1.1632876712328768,97.70401174168298,123,5.417437044287196,21.0,23.46315789473684,0.2657534246575342,3948,3948,1.0,C_h40,378,8,40,2022,final,21.0,0.0,v2.2,False
1216.8,5.397808219178082,3.620821917808219,0.5923287671232876,97.29598825831702,121,4.190056579669483,14.0,17.77659574468085,0.1835616438356164,4158,4158,1.0,C_h45,378,8,45,2022,final,21.0,0.0,v2.2,False
1253.6,24.683835616438355,0.0,8.227945205479452,107.34637964774952,126,5.861550167634844,33.0,34.64253393665158,1.0,0,0,0.0,A,426,9,40,2023,final,,,v2.2,False
1096.2,4.786301369863014,4.774794520547945,0.0038356164383561,95.74021526418788,113,2.1807895236375088,9.0,9.510416666666666,0.0038356164383561,0,0,0.0,B,378,8,40,2023,final,,,v2.2,False
1253.8,6.361095890410959,3.486027397260274,0.9583561643835616,97.7431506849315,123,5.01625853356451,15.0,19.09655172413793,0.2526027397260273,4046,4046,1.0,C_h40,378,8,40,2023,final,21.0,0.0,v2.2,False
1215.8,4.753972602739726,3.330410958904109,0.4745205479452055,97.45009784735812,118,3.398152692381584,11.0,13.336538461538462,0.1994520547945205,4032,4032,1.0,C_h45,378,8,45,2023,final,21.0,0.0,v2.2,False
1256.6,25.186849315068493,0.0,8.395616438356164,107.49608610567516,129,7.795610142316491,39.0,41.02857142857143,1.0,0,0,0.0,A,426,9,40,2024,final,,,v2.2,False
1107.0,3.978082191780822,3.938630136986301,0.0131506849315068,96.49510763209392,113,2.3732245542526047,8.0,8.607142857142858,0.0131506849315068,0,0,0.0,B,378,8,40,2024,final,,,v2.2,False
1237.8,6.801095890410959,3.197808219178082,1.201095890410959,98.21722113502936,124,5.620919465752116,18.0,21.42222222222222,0.2893150684931507,3857,3857,1.0,C_h40,378,8,40,2024,final,21.0,0.0,v2.2,False
1220.6,5.7435616438356165,3.912328767123288,0.6104109589041096,97.0518590998043,121,4.277644024954595,15.0,17.295238095238094,0.1791780821917808,4144,4144,1.0,C_h45,378,8,45,2024,final,21.0,0.0,v2.2,False
1248.8,21.752876712328767,0.0,7.250958904109589,106.47407045009784,126,5.820955573817551,30.0,31.37914691943128,1.0,0,0,0.0,A,426,9,40,2025,final,,,v2.2,False
1082.0,4.307945205479452,4.294794520547946,0.0043835616438356,96.1692759295499,114,1.8017010107350315,7.0,7.505208333333333,0.0038356164383561,0,0,0.0,B,378,8,40,2025,final,,,v2.2,False
1229.6,7.472876712328767,4.065205479452055,1.135890410958904,97.38454011741683,123,5.412932623064072,18.0,20.425531914893615,0.2745205479452055,3906,3906,1.0,C_h40,378,8,40,2025,final,21.0,0.0,v2.2,False
1220.0,6.295890410958904,4.448219178082192,0.6158904109589041,96.57827788649706,120,4.138648286229027,15.0,17.816326530612244,0.1671232876712328,4151,4151,1.0,C_h45,378,8,45,2025,final,21.0,0.0,v2.2,False
1241.2,24.12,0.0,8.04,107.17857142857144,127,6.836463767336536,36.0,37.457142857142856,0.9994520547945206,0,0,0.0,A,426,9,40,2026,final,,,v2.2,False
1092.8,4.575342465753424,4.5638356164383564,0.0038356164383561,95.92857142857144,114,1.7887149917741632,7.0,7.4574898785425106,0.0027397260273972,0,0,0.0,B,378,8,40,2026,final,,,v2.2,False
1240.0,8.12,4.447671232876712,1.2241095890410958,97.12181996086106,123,5.691479473431422,21.0,24.712871287128717,0.2553424657534247,3955,3955,1.0,C_h40,378,8,40,2026,final,21.0,0.0,v2.2,False
1210.0,7.37972602739726,5.315068493150685,0.6882191780821918,95.86888454011742,122,4.6553267136542384,15.0,18.346153846153847,0.1863013698630137,3990,3990,1.0,C_h45,378,8,45,2026,final,21.0,0.0,v2.2,False
1261.0,25.44328767123288,0.0,8.481095890410959,107.57240704500978,127,6.535932239391989,36.0,37.273972602739725,1.0,0,0,0.0,A,426,9,40,2027,final,,,v2.2,False
1101.0,4.24,4.220273972602739,0.0065753424657534,96.23776908023484,114,1.9011884556402208,7.0,7.46606334841629,0.0054794520547945,0,0,0.0,B,378,8,40,2027,final,,,v2.2,False
1266.0,7.294794520547946,3.620821917808219,1.2246575342465753,97.86056751467711,123,5.585921788768002,18.0,21.624161073825505,0.2624657534246575,3990,3990,1.0,C_h40,378,8,40,2027,final,21.0,0.0,v2.2,False
1219.2,5.838356164383562,3.836164383561644,0.6673972602739726,97.17074363992172,121,4.260392033461139,15.0,17.637254901960784,0.2224657534246575,4144,4144,1.0,C_h45,378,8,45,2027,final,21.0,0.0,v2.2,False
1252.4,22.620821917808215,0.0,7.54027397260274,106.73238747553816,128,7.246127548950522,33.0,35.58247422680412,0.9989041095890412,0,0,0.0,A,426,9,40,2028,final,,,v2.2,False
1081.6,4.138082191780822,4.126575342465753,0.0038356164383561,96.31898238747554,113,1.7830837802424246,7.0,7.291208791208791,0.0038356164383561,0,0,0.0,B,378,8,40,2028,final,,,v2.2,False
1252.2,7.997260273972603,4.569863013698631,1.1424657534246576,96.93982387475538,123,5.250051498356958,18.0,20.458646616541355,0.2717808219178082,3920,3920,1.0,C_h40,378,8,40,2028,final,21.0,0.0,v2.2,False
1221.2,5.763287671232876,3.983013698630137,0.5934246575342466,96.97358121330724,122,4.3783345859693625,13.0,18.24742268041237,0.1841095890410959,4144,4144,1.0,C_h45,378,8,45,2028,final,21.0,0.0,v2.2,False
1256.0,23.136986301369863,0.0,7.712328767123288,106.88600782778866,127,6.220445624191115,33.0,35.25,1.0,0,0,0.0,A,426,9,40,2029,final,,,v2.2,False
1081.8,4.797808219178082,4.695890410958904,0.033972602739726,95.8375733855186,116,2.294443043022344,9.0,9.48780487804878,0.0202739726027397,0,0,0.0,B,378,8,40,2029,final,,,v2.2,False
1251.6,6.686027397260274,3.618630136986301,1.0224657534246575,97.68199608610568,125,5.294563047229778,18.0,22.38053097345133,0.2515068493150685,4018,4018,1.0,C_h40,378,8,40,2029,final,21.0,0.0,v2.2,False
1221.6,5.1068493150684935,3.463013698630137,0.547945205479452,97.3972602739726,120,3.778558243995776,12.0,14.75,0.1961643835616438,4116,4116,1.0,C_h45,378,8,45,2029,final,21.0,0.0,v2.2,False
1170.2,11.082739726027397,6.453698630136986,1.543013698630137,95.61545988258317,127,7.11614586440373,24.0,29.3135593220339,0.28876712328767123,3780,3780,1.0,C_h35,378,8,35,2001,final,21.0,0.0,v2.2.1,True
1139.8,12.984657534246576,7.635616438356164,1.783013698630137,94.77446183953033,126,7.047908206959528,27.0,30.443478260869565,0.29753424657534244,3787,3787,1.0,C_h35,378,8,35,2000,final,21.0,0.0,v2.2.1,True
1152.8,10.487123287671233,6.505753424657534,1.3271232876712329,95.37622309197651,126,6.867477838517795,24.0,28.194174757281555,0.2854794520547945,3773,3773,1.0,C_h35,378,8,35,2002,final,21.0,0.0,v2.2.1,True
1166.6,9.435616438356165,5.210958904109589,1.4082191780821918,96.60469667318982,126,6.598057800501957,21.0,25.68148148148148,0.286027397260274,3864,3864,1.0,C_h35,378,8,35,2003,final,21.0,0.0,v2.2.1,True
1151.4,11.62082191780822,6.976986301369863,1.547945205479452,95.15264187866927,126,6.7137431371627585,24.0,28.427419354838708,0.2882191780821918,3801,3801,1.0,C_h35,378,8,35,2005,final,21.0,0.0,v2.2.1,True
1166.4,9.500821917808219,5.26958904109589,1.4104109589041096,96.55430528375734,125,6.820547868579879,24.0,27.690265486725664,0.28054794520547943,3850,3850,1.0,C_h35,378,8,35,2004,final,21.0,0.0,v2.2.1,True
1161.0,9.76,5.556712328767123,1.401095890410959,96.28962818003914,126,6.7100376499061385,24.0,28.774193548387096,0.2789041095890411,3829,3829,1.0,C_h35,378,8,35,2006,final,21.0,0.0,v2.2.1,True
1160.6,11.545753424657534,6.726027397260274,1.6065753424657534,95.42906066536203,125,6.99656986717581,24.0,29.169642857142858,0.29863013698630136,3766,3766,1.0,C_h35,378,8,35,2007,final,21.0,0.0,v2.2.1,True
1154.4,11.90958904109589,7.081643835616438,1.6093150684931508,95.11399217221135,126,7.568766694238214,27.0,31.342105263157894,0.2882191780821918,3780,3780,1.0,C_h35,378,8,35,2008,final,21.0,0.0,v2.2.1,True
1174.8,11.553972602739726,6.619178082191781,1.644931506849315,95.55870841487281,128,8.048541524283056,27.0,30.97841726618705,0.2843835616438356,3794,3794,1.0,C_h35,378,8,35,2009,final,21.0,0.0,v2.2.1,True
1143.0,12.362191780821918,7.404383561643836,1.6526027397260274,94.86448140900195,124,6.939572798959573,27.0,29.702970297029704,0.2876712328767123,3738,3738,1.0,C_h35,378,8,35,2010,final,21.0,0.0,v2.2.1,True
1155.2,10.93041095890411,6.830684931506849,1.3665753424657534,95.12133072407045,124,6.059471444283763,21.799999999999955,27.23913043478261,0.27671232876712326,3822,3822,1.0,C_h35,378,8,35,2011,final,21.0,0.0,v2.2.1,True
1168.4,12.145205479452056,7.355068493150685,1.5967123287671232,94.85861056751467,124,6.9859084568204315,26.0,29.419354838709676,0.2882191780821918,3759,3759,1.0,C_h35,378,8,35,2012,final,21.0,0.0,v2.2.1,True
1137.4,11.533698630136985,6.797808219178082,1.5786301369863014,95.34001956947164,124,6.390962022887169,24.0,27.203389830508474,0.29424657534246573,3766,3766,1.0,C_h35,378,8,35,2013,final,21.0,0.0,v2.2.1,True
1136.4,11.891506849315068,7.149041095890411,1.5808219178082192,95.02837573385519,128,6.422553051183428,24.0,28.875,0.303013698630137,3738,3738,1.0,C_h35,378,8,35,2014,final,21.0,0.0,v2.2.1,True
1163.2,10.90904109589041,6.664657534246575,1.4147945205479453,95.31262230919765,125,6.655482703156574,24.0,28.526785714285715,0.28054794520547943,3815,3815,1.0,C_h35,378,8,35,2015,final,21.0,0.0,v2.2.1,True
1146.4,11.32054794520548,7.046575342465753,1.4246575342465753,94.98043052837573,124,6.370912838938061,24.0,26.70967741935484,0.2926027397260274,3752,3752,1.0,C_h35,378,8,35,2016,final,21.0,0.0,v2.2.1,True
1161.2,11.17972602739726,6.650958904109589,1.5095890410958903,95.40949119373778,125,6.366762387751788,24.0,28.27027027027027,0.28712328767123285,3787,3787,1.0,C_h35,378,8,35,2017,final,21.0,0.0,v2.2.1,True
1158.4,12.726575342465754,7.846027397260274,1.626849315068493,94.44716242661448,125,7.044056265461864,26.0,29.77659574468085,0.286027397260274,3780,3780,1.0,C_h35,378,8,35,2018,final,21.0,0.0,v2.2.1,True
1160.4,9.391232876712328,5.56931506849315,1.273972602739726,96.16487279843444,127,6.943721910661655,24.0,29.52,0.26794520547945205,3857,3857,1.0,C_h35,378,8,35,2019,final,21.0,0.0,v2.2.1,True
1167.6,12.277260273972603,6.875616438356165,1.8005479452054796,95.46868884540118,127,8.313739232959245,30.0,33.25233644859813,0.2915068493150685,3864,3864,1.0,C_h35,378,8,35,2020,final,21.0,0.0,v2.2.1,True
1171.8,11.316164383561643,7.195068493150685,1.3736986301369862,94.80234833659492,127,7.771072552313105,27.0,31.776699029126213,0.26301369863013696,3801,3801,1.0,C_h35,378,8,35,2021,final,21.0,0.0,v2.2.1,True
1155.4,11.07945205479452,6.530958904109589,1.5161643835616438,95.5225048923679,126,6.963150165399798,27.0,30.638297872340427,0.2926027397260274,3780,3780,1.0,C_h35,378,8,35,2022,final,21.0,0.0,v2.2.1,True
1154.2,12.5413698630137,7.455342465753425,1.6953424657534246,94.85714285714285,125,7.246714567716553,27.0,29.879032258064516,0.28712328767123285,3822,3822,1.0,C_h35,378,8,35,2023,final,21.0,0.0,v2.2.1,True
1159.2,12.349041095890412,7.126575342465753,1.7408219178082192,95.1912915851272,127,8.694392880234709,30.0,33.15447154471545,0.3101369863013699,3773,3773,1.0,C_h35,378,8,35,2024,final,21.0,0.0,v2.2.1,True
1156.2,11.841643835616438,7.337534246575342,1.5013698630136987,94.78913894324855,126,6.906615308211487,27.0,29.73267326732673,0.28493150684931506,3773,3773,1.0,C_h35,378,8,35,2025,final,21.0,0.0,v2.2.1,True
1151.4,11.472876712328768,6.590684931506849,1.6273972602739726,95.56849315068493,126,7.215393335455806,27.0,31.178571428571427,0.2876712328767123,3773,3773,1.0,C_h35,378,8,35,2026,final,21.0,0.0,v2.2.1,True
1162.0,13.299726027397261,8.332054794520548,1.655890410958904,94.03913894324853,128,7.410690840986914,27.0,31.358974358974358,0.28383561643835614,3780,3780,1.0,C_h35,378,8,35,2027,final,21.0,0.0,v2.2.1,True
1156.6,12.386301369863014,6.981369863013699,1.8016438356164384,95.3752446183953,127,7.720893898735426,27.799999999999955,32.40217391304348,0.3046575342465753,3787,3787,1.0,C_h35,378,8,35,2028,final,21.0,0.0,v2.2.1,True
1156.4,10.521095890410958,6.136986301369863,1.4613698630136986,95.82534246575342,126,6.81971140963065,24.0,27.93388429752066,0.2926027397260274,3766,3766,1.0,C_h35,378,8,35,2029,final,21.0,0.0,v2.2.1,True
